supplier_name,supplier_code,purchase_batch,product_sku,product_name,unit,qty,cost_unit,total_cost,etiqueta_nuevo
Empresa Ayrampo,SUP-EMPRESA-AYRAMPO,COMPRA-HOJA1-EMPRESA-AYRAMPO,SKU-308DF87D2B,Lapiz 2B Titan,Cajitas,2.0,7.5,15.0,
Empresa Ayrampo,SUP-EMPRESA-AYRAMPO,COMPRA-HOJA1-EMPRESA-AYRAMPO,SKU-8FC03EDBA8,Lapiz Grazo Negro,Docena,2.0,26.0,52.0,
Empresa Ayrampo,SUP-EMPRESA-AYRAMPO,COMPRA-HOJA1-EMPRESA-AYRAMPO,SKU-ACD539DCF8,Lapiz Semi Negro,Docena,2.0,26.0,52.0,
Empresa Ayrampo,SUP-EMPRESA-AYRAMPO,COMPRA-HOJA1-EMPRESA-AYRAMPO,SKU-90944B7E8F,Lapiz tecnico 6B,Docena,2.0,8.5,17.0,
Empresa Ayrampo,SUP-EMPRESA-AYRAMPO,COMPRA-HOJA1-EMPRESA-AYRAMPO,SKU-4985AB403E,Lapiz Punsonez,Ciento,1.0,28.0,28.0,
Empresa Ayrampo,SUP-EMPRESA-AYRAMPO,COMPRA-HOJA1-EMPRESA-AYRAMPO,SKU-A292B4DE9C,Toalla sin diseño,Paquete,1.0,24.0,24.0,
Empresa Ayrampo,SUP-EMPRESA-AYRAMPO,COMPRA-HOJA1-EMPRESA-AYRAMPO,SKU-FA80AA5B55,Toalla con diseño,Paquete,1.0,36.0,36.0,
Empresa Ayrampo,SUP-EMPRESA-AYRAMPO,COMPRA-HOJA1-EMPRESA-AYRAMPO,SKU-0F68E2EC13,Micas A4,1/2 Ciento,50.0,0.52,26.0,
Empresa Ayrampo,SUP-EMPRESA-AYRAMPO,COMPRA-HOJA1-EMPRESA-AYRAMPO,SKU-7A82393C55,Baja Lengua - Blanco,Paquete,2.0,5.0,10.0,
Empresa Ayrampo,SUP-EMPRESA-AYRAMPO,COMPRA-HOJA1-EMPRESA-AYRAMPO,SKU-FB6932B48B,Baja Lengua  de color grande,Paquete,1.0,8.0,8.0,
Empresa Ayrampo,SUP-EMPRESA-AYRAMPO,COMPRA-HOJA1-EMPRESA-AYRAMPO,SKU-71703659EC,"Botellas de Temperas (Amarillo, rojo, Azul) -  (Rojo, azul,  verde, amarillo, negro, blanco)",Docena,2.0,54.0,108.0,
Empresa Ayrampo,SUP-EMPRESA-AYRAMPO,COMPRA-HOJA1-EMPRESA-AYRAMPO,SKU-DFB871122D,Temperas x7,Docena,1.0,68.0,68.0,
Empresa Ayrampo,SUP-EMPRESA-AYRAMPO,COMPRA-HOJA1-EMPRESA-AYRAMPO,SKU-6A944058B9,Lapicero Trilux - 035,Cajas,1.0,22.5,22.5,
Empresa Ayrampo,SUP-EMPRESA-AYRAMPO,COMPRA-HOJA1-EMPRESA-AYRAMPO,SKU-F06AE39D3D,Hizopo,Unidad,12.0,0.666667,8.0,
Empresa Ayrampo,SUP-EMPRESA-AYRAMPO,COMPRA-HOJA1-EMPRESA-AYRAMPO,SKU-D9A535C356,Pozzis limpiatipo,Unidad,12.0,1.833333,22.0,
Empresa Ayrampo,SUP-EMPRESA-AYRAMPO,COMPRA-HOJA1-EMPRESA-AYRAMPO,SKU-448A8AC612,Stikers Have Love,Unidad,50.0,0.48,24.0,
Empresa Ayrampo,SUP-EMPRESA-AYRAMPO,COMPRA-HOJA1-EMPRESA-AYRAMPO,SKU-96A54B592D,Microporoso Glitter self Adhesivo letras escarchados,Paquete,3.0,8.0,24.0,
Empresa Ayrampo,SUP-EMPRESA-AYRAMPO,COMPRA-HOJA1-EMPRESA-AYRAMPO,SKU-51D94161E4,Cinta Leon scosh pq grueso 18*45,Unidad,12.0,1.083333,13.0,
Empresa Ayrampo,SUP-EMPRESA-AYRAMPO,COMPRA-HOJA1-EMPRESA-AYRAMPO,SKU-EE5659CFF7,Cinta Grande Durango embalaje,Unidad,6.0,2.333333,14.0,
Empresa Ayrampo,SUP-EMPRESA-AYRAMPO,COMPRA-HOJA1-EMPRESA-AYRAMPO,SKU-A744CA3157,Cinta Maskin shurtaple 1*15,Unidad,12.0,1.5,18.0,
Empresa Ayrampo,SUP-EMPRESA-AYRAMPO,COMPRA-HOJA1-EMPRESA-AYRAMPO,SKU-78A62B9611,Papel Lustre,Ciento,100.0,0.3,30.0,
Empresa Ayrampo,SUP-EMPRESA-AYRAMPO,COMPRA-HOJA1-EMPRESA-AYRAMPO,SKU-1EDA4B9225,Papel Corrospum,Unidad,2.0,12.0,24.0,
Empresa Ayrampo,SUP-EMPRESA-AYRAMPO,COMPRA-HOJA1-EMPRESA-AYRAMPO,SKU-9D4E4EE716,Papel Sedita,Ciento,100.0,0.18,18.0,
Empresa Ayrampo,SUP-EMPRESA-AYRAMPO,COMPRA-HOJA1-EMPRESA-AYRAMPO,SKU-9FCECC1704,Papel Cometa,Ciento,1.0,36.0,36.0,
Empresa Ayrampo,SUP-EMPRESA-AYRAMPO,COMPRA-HOJA1-EMPRESA-AYRAMPO,SKU-A47A5E460A,Papel microporoso escarchado,Paquete,3.0,24.0,72.0,
Empresa Ayrampo,SUP-EMPRESA-AYRAMPO,COMPRA-HOJA1-EMPRESA-AYRAMPO,SKU-7762F9C08A,Papel Crepe,Paquete,11.0,4.272727,47.0,
Empresa Ayrampo,SUP-EMPRESA-AYRAMPO,COMPRA-HOJA1-EMPRESA-AYRAMPO,SKU-3023CF7487,Papel Punzones A4,Paquete,2.0,18.0,36.0,
Empresa Ayrampo,SUP-EMPRESA-AYRAMPO,COMPRA-HOJA1-EMPRESA-AYRAMPO,SKU-9FD0B9F742,Juego de reglas 20 cm,Unidad,12.0,2.333333,28.0,
Empresa Ayrampo,SUP-EMPRESA-AYRAMPO,COMPRA-HOJA1-EMPRESA-AYRAMPO,SKU-53F12AE701,Juego de reglas 30 cm,Unidad,12.0,3.5,42.0,
Empresa Ayrampo,SUP-EMPRESA-AYRAMPO,COMPRA-HOJA1-EMPRESA-AYRAMPO,SKU-5FE2F611DF,Portafolio Papel,Unidad,6.0,6.0,36.0,
Empresa Ayrampo,SUP-EMPRESA-AYRAMPO,COMPRA-HOJA1-EMPRESA-AYRAMPO,SKU-0E6AA9F21D,Paletas de pinturas,Unidad,12.0,1.833333,22.0,
Empresa Ayrampo,SUP-EMPRESA-AYRAMPO,COMPRA-HOJA1-EMPRESA-AYRAMPO,SKU-FE809B4294,Libro de Cuentos,Unidad,6.0,3.0,18.0,
Empresa Ayrampo,SUP-EMPRESA-AYRAMPO,COMPRA-HOJA1-EMPRESA-AYRAMPO,SKU-C34DBFF5C5,Pincel Sobre,Sobre,6.0,5.333333,32.0,
Empresa Ayrampo,SUP-EMPRESA-AYRAMPO,COMPRA-HOJA1-EMPRESA-AYRAMPO,SKU-6381846E56,Plumon marcador Jumbo L-47 x12,Unidad,3.0,11.0,33.0,
Empresa Ayrampo,SUP-EMPRESA-AYRAMPO,COMPRA-HOJA1-EMPRESA-AYRAMPO,SKU-E082FFFBDB,Base 10,Unidad,12.0,8.0,96.0,
Empresa Ayrampo,SUP-EMPRESA-AYRAMPO,COMPRA-HOJA1-EMPRESA-AYRAMPO,SKU-8697FBECCC,Abaco,Unidad,6.0,8.5,51.0,
Empresa Ayrampo,SUP-EMPRESA-AYRAMPO,COMPRA-HOJA1-EMPRESA-AYRAMPO,SKU-66529C0038,Dados Grandes,Sobre,1.0,30.0,30.0,
Empresa Ayrampo,SUP-EMPRESA-AYRAMPO,COMPRA-HOJA1-EMPRESA-AYRAMPO,SKU-398C843E98,Tamgram,Sobre,6.0,6.5,39.0,
Empresa Ayrampo,SUP-EMPRESA-AYRAMPO,COMPRA-HOJA1-EMPRESA-AYRAMPO,SKU-E4B751776A,tapitas de botella,Ciento,100.0,0.09,9.0,
Empresa Ayrampo,SUP-EMPRESA-AYRAMPO,COMPRA-HOJA1-EMPRESA-AYRAMPO,SKU-6B0F82BDFF,bloques,Unidad,6.0,6.5,39.0,
Empresa Ayrampo,SUP-EMPRESA-AYRAMPO,COMPRA-HOJA1-EMPRESA-AYRAMPO,SKU-A4C46F4DA5,Papel microporoso liso,Paquete,3.0,15.666667,47.0,
Empresa Ayrampo,SUP-EMPRESA-AYRAMPO,COMPRA-HOJA1-EMPRESA-AYRAMPO,SKU-F0552067DA,Cuadernos stanford 2x2,Unidad,25.0,5.4,135.0,
Empresa Ayrampo,SUP-EMPRESA-AYRAMPO,COMPRA-HOJA1-EMPRESA-AYRAMPO,SKU-E8640331AC,cuadernos stanford 1x1,Unidad,25.0,5.4,135.0,
Empresa Ayrampo,SUP-EMPRESA-AYRAMPO,COMPRA-HOJA1-EMPRESA-AYRAMPO,SKU-9FB3EB5C65,papel lustre blanco y surtido a color,Unidad,125.0,0.3,37.5,
Empresa Ayrampo,SUP-EMPRESA-AYRAMPO,COMPRA-HOJA1-EMPRESA-AYRAMPO,SKU-CB9437A81C,"bolson de l,ona",Unidad,12.0,6.5,78.0,
Empresa Ayrampo,SUP-EMPRESA-AYRAMPO,COMPRA-HOJA1-EMPRESA-AYRAMPO,SKU-B2904A3F21,serpentina,Paquete,1.0,12.0,12.0,
Empresa Ayrampo,SUP-EMPRESA-AYRAMPO,COMPRA-HOJA1-EMPRESA-AYRAMPO,SKU-DAADE270A8,Folder doble tapa,Unidad,6.0,5.5,33.0,
Empresa Ayrampo,SUP-EMPRESA-AYRAMPO,COMPRA-HOJA1-EMPRESA-AYRAMPO,SKU-6AD4414B14,Cartuchera surtido cuero,Unidad,12.0,5.5,66.0,
Empresa Ayrampo,SUP-EMPRESA-AYRAMPO,COMPRA-HOJA1-EMPRESA-AYRAMPO,SKU-78B895FADB,Plumon L-47 papel,Cajitas,3.0,18.0,54.0,
Empresa Ayrampo,SUP-EMPRESA-AYRAMPO,COMPRA-HOJA1-EMPRESA-AYRAMPO,SKU-1C8518A3F6,Plumon school L-45 x 12,Docena,1.0,58.0,58.0,
Empresa Ayrampo,SUP-EMPRESA-AYRAMPO,COMPRA-HOJA1-EMPRESA-AYRAMPO,SKU-24D54B3207,Colores Largos x 12,Docena,2.0,70.0,140.0,
Empresa Ayrampo,SUP-EMPRESA-AYRAMPO,COMPRA-HOJA1-EMPRESA-AYRAMPO,SKU-D35B231535,Colores cortos x 12,Docena,2.0,48.0,96.0,
Empresa Ayrampo,SUP-EMPRESA-AYRAMPO,COMPRA-HOJA1-EMPRESA-AYRAMPO,SKU-D8FC9604BF,Goma en barra 40g,Docena,1.0,36.0,36.0,
Empresa Ayrampo,SUP-EMPRESA-AYRAMPO,COMPRA-HOJA1-EMPRESA-AYRAMPO,SKU-BF27740F3E,Goma liquida 250g,Docena,2.0,34.0,68.0,
Empresa Ayrampo,SUP-EMPRESA-AYRAMPO,COMPRA-HOJA1-EMPRESA-AYRAMPO,SKU-CF887E5EC4,Goma en barra 8 gr,Cajitas,1.0,33.0,33.0,
Empresa Ayrampo,SUP-EMPRESA-AYRAMPO,COMPRA-HOJA1-EMPRESA-AYRAMPO,SKU-83F6CC885D,Goma liquida 125g,Docena,2.0,24.0,48.0,
Empresa Ayrampo,SUP-EMPRESA-AYRAMPO,COMPRA-HOJA1-EMPRESA-AYRAMPO,SKU-9A059C1BC2,Silicona liquida 250g,Docena,2.0,60.0,120.0,
Empresa Ayrampo,SUP-EMPRESA-AYRAMPO,COMPRA-HOJA1-EMPRESA-AYRAMPO,SKU-FEBDB0D6D3,Silicona liquida 100g,Docena,2.0,36.0,72.0,
Empresa Ayrampo,SUP-EMPRESA-AYRAMPO,COMPRA-HOJA1-EMPRESA-AYRAMPO,SKU-096E7DB466,Lapicero pilot azul,Cajitas,1.0,29.0,29.0,
Empresa Ayrampo,SUP-EMPRESA-AYRAMPO,COMPRA-HOJA1-EMPRESA-AYRAMPO,SKU-CEFF1F2EA0,lapicero 060 azul rojo,Cajitas,2.0,13.0,26.0,
Empresa Ayrampo,SUP-EMPRESA-AYRAMPO,COMPRA-HOJA1-EMPRESA-AYRAMPO,SKU-E7A85984D4,"lapicero azul, rojo, negro y verde",Cajitas,4.0,12.5,50.0,
Empresa Ayrampo,SUP-EMPRESA-AYRAMPO,COMPRA-HOJA1-EMPRESA-AYRAMPO,SKU-83CD5D38B1,Borrador Aval x 20,Cajitas,1.0,10.0,10.0,
Empresa Ayrampo,SUP-EMPRESA-AYRAMPO,COMPRA-HOJA1-EMPRESA-AYRAMPO,SKU-384706C8BB,Borrador Aval x 30,Cajitas,1.0,10.0,10.0,
Empresa Ayrampo,SUP-EMPRESA-AYRAMPO,COMPRA-HOJA1-EMPRESA-AYRAMPO,SKU-25611AAAAD,Borrador layconsa bicolo x50,Cajitas,1.0,24.0,24.0,
Empresa Ayrampo,SUP-EMPRESA-AYRAMPO,COMPRA-HOJA1-EMPRESA-AYRAMPO,SKU-418AE7AD5C,Tijera Eco,Cajitas,1.0,16.0,16.0,
Empresa Ayrampo,SUP-EMPRESA-AYRAMPO,COMPRA-HOJA1-EMPRESA-AYRAMPO,SKU-B0946D98AA,Tijera escolar,Docena,1.0,20.0,20.0,
Empresa Ayrampo,SUP-EMPRESA-AYRAMPO,COMPRA-HOJA1-EMPRESA-AYRAMPO,SKU-D8947D85F1,Pincel surtido 0/00/000,Docena,12.0,4.0,48.0,
Empresa Ayrampo,SUP-EMPRESA-AYRAMPO,COMPRA-HOJA1-EMPRESA-AYRAMPO,SKU-6F4B1E2A08,Cuter por tiras d 12,Paquete,2.0,8.0,16.0,
Empresa Ayrampo,SUP-EMPRESA-AYRAMPO,COMPRA-HOJA1-EMPRESA-AYRAMPO,SKU-67CEA9B1B6,forro artesco,Docena,12.0,2.333333,28.0,
Empresa Ayrampo,SUP-EMPRESA-AYRAMPO,COMPRA-HOJA1-EMPRESA-AYRAMPO,SKU-BA9E6F373B,STIKER DE PRECIOS,Unidad,12.0,1.0,12.0,
Empresa Ayrampo,SUP-EMPRESA-AYRAMPO,COMPRA-HOJA1-EMPRESA-AYRAMPO,SKU-74D37CB40E,Cinta scoth delgado,Paquete,6.0,2.833333,17.0,
Empresa Ayrampo,SUP-EMPRESA-AYRAMPO,COMPRA-HOJA1-EMPRESA-AYRAMPO,SKU-3AFD2E7935,Cuaderno Markin # 100 h,1/2 Ciento,50.0,3.0,150.0,
Empresa Ayrampo,SUP-EMPRESA-AYRAMPO,COMPRA-HOJA1-EMPRESA-AYRAMPO,SKU-165935C822,cuaderno markin triple reglon 100 h,1/4 ciento,25.0,3.0,75.0,
Empresa Ayrampo,SUP-EMPRESA-AYRAMPO,COMPRA-HOJA1-EMPRESA-AYRAMPO,SKU-87FB5C45C1,Cartulina blanca,Ciento,1.0,32.0,32.0,
Empresa Ayrampo,SUP-EMPRESA-AYRAMPO,COMPRA-HOJA1-EMPRESA-AYRAMPO,SKU-9E86C13A28,Crepe con diseño,Paquete,3.0,12.0,36.0,
Empresa Ayrampo,SUP-EMPRESA-AYRAMPO,COMPRA-HOJA1-EMPRESA-AYRAMPO,SKU-F0F3D54703,Cinta Maskin shurtaple 2*15,Cajas,1.0,52.0,52.0,
Empresa Ayrampo,SUP-EMPRESA-AYRAMPO,COMPRA-HOJA1-EMPRESA-AYRAMPO,SKU-7EEE248D9B,Silicona delgada en barra,Ciento,2.0,17.0,34.0,
Empresa Ayrampo,SUP-EMPRESA-AYRAMPO,COMPRA-HOJA1-EMPRESA-AYRAMPO,SKU-BA273CD9CC,Plumon indeleble azul y negro,Cajitas,2.0,10.0,20.0,
Empresa Ayrampo,SUP-EMPRESA-AYRAMPO,COMPRA-HOJA1-EMPRESA-AYRAMPO,SKU-73ECB72794,Colores Jumbo,Unidad,12.0,10.333333,124.0,
Empresa Ayrampo,SUP-EMPRESA-AYRAMPO,COMPRA-HOJA1-EMPRESA-AYRAMPO,SKU-039AB24A72,Platilina ultra suave x6,Cajitas,6.0,15.5,93.0,
Empresa Ayrampo,SUP-EMPRESA-AYRAMPO,COMPRA-HOJA1-EMPRESA-AYRAMPO,SKU-CC7C567DF1,Lapiz Jumbo,Cajitas,2.0,10.0,20.0,
Empresa Ayrampo,SUP-EMPRESA-AYRAMPO,COMPRA-HOJA1-EMPRESA-AYRAMPO,SKU-7538FE51BC,Tijera Artesco mango goma,Unidad,6.0,6.5,39.0,
Empresa Ayrampo,SUP-EMPRESA-AYRAMPO,COMPRA-HOJA1-EMPRESA-AYRAMPO,SKU-D726876DA1,Cartulina Negra,Ciento,1.0,50.0,50.0,
Empresa Ayrampo,SUP-EMPRESA-AYRAMPO,COMPRA-HOJA1-EMPRESA-AYRAMPO,SKU-14F63E966D,Stiker cuaderno,Unidad,12.0,1.5,18.0,
Empresa Ayrampo,SUP-EMPRESA-AYRAMPO,COMPRA-HOJA1-EMPRESA-AYRAMPO,SKU-DDAC91E10D,Papel boom,Cajas,1.0,124.0,124.0,
Empresa Ayrampo,SUP-EMPRESA-AYRAMPO,COMPRA-HOJA1-EMPRESA-AYRAMPO,SKU-2544F733EC,Papel boom 70 gr,Cajas,1.0,140.0,140.0,
Empresa Ayrampo,SUP-EMPRESA-AYRAMPO,COMPRA-HOJA1-EMPRESA-AYRAMPO,SKU-4EE3C50F1D,Papel suave higienico,Paquete,1.0,34.0,34.0,
Empresa Ayrampo,SUP-EMPRESA-AYRAMPO,COMPRA-HOJA1-EMPRESA-AYRAMPO,SKU-B1B6F52169,papel toalla,Paquete,1.0,25.0,25.0,
Empresa Ayrampo,SUP-EMPRESA-AYRAMPO,COMPRA-HOJA1-EMPRESA-AYRAMPO,SKU-8EC5F5CD1C,cepillo colgate,Paquete,1.0,28.0,28.0,
Empresa Ayrampo,SUP-EMPRESA-AYRAMPO,COMPRA-HOJA1-EMPRESA-AYRAMPO,SKU-8D86A147F9,Plumon fabercito de 10 und,Unidad,6.0,4.0,24.0,
Empresa Ayrampo,SUP-EMPRESA-AYRAMPO,COMPRA-HOJA1-EMPRESA-AYRAMPO,SKU-B298BDA13D,Lapicero brillante x12 und,Unidad,12.0,3.333333,40.0,
Empresa Ayrampo,SUP-EMPRESA-AYRAMPO,COMPRA-HOJA1-EMPRESA-AYRAMPO,SKU-B2F5C02F79,Lapicero a color x 12 und,Unidad,6.0,4.0,24.0,
Empresa Ayrampo,SUP-EMPRESA-AYRAMPO,COMPRA-HOJA1-EMPRESA-AYRAMPO,SKU-250A95296D,Resaltador pastel x 6 und,Unidad,6.0,5.0,30.0,
Empresa Ayrampo,SUP-EMPRESA-AYRAMPO,COMPRA-HOJA1-EMPRESA-AYRAMPO,SKU-8D8B2631DB,Pelotas de trapo,Unidad,12.0,0.75,9.0,
Empresa Ayrampo,SUP-EMPRESA-AYRAMPO,COMPRA-HOJA1-EMPRESA-AYRAMPO,SKU-77F19E15CF,Pasta dental,Unidad,12.0,2.833333,34.0,
Empresa Ayrampo,SUP-EMPRESA-AYRAMPO,COMPRA-HOJA1-EMPRESA-AYRAMPO,SKU-81B56FA010,jaboncillo camai,Unidad,12.0,2.5,30.0,
Empresa Ayrampo,SUP-EMPRESA-AYRAMPO,COMPRA-HOJA1-EMPRESA-AYRAMPO,SKU-8BE215E80A,Lapicero kawai x 10,Unidad,3.0,4.0,12.0,
Empresa Ayrampo,SUP-EMPRESA-AYRAMPO,COMPRA-HOJA1-EMPRESA-AYRAMPO,SKU-64AF411C73,Set de escuadras kuromi,Unidad,4.0,3.0,12.0,
Empresa Ayrampo,SUP-EMPRESA-AYRAMPO,COMPRA-HOJA1-EMPRESA-AYRAMPO,SKU-67EC263080,Regla expandible,Unidad,3.0,4.2,12.6,
Empresa Ayrampo,SUP-EMPRESA-AYRAMPO,COMPRA-HOJA1-EMPRESA-AYRAMPO,SKU-8A83060E82,Tarjador animalitos,Unidad,3.0,3.4,10.2,
Empresa Ayrampo,SUP-EMPRESA-AYRAMPO,COMPRA-HOJA1-EMPRESA-AYRAMPO,SKU-6549630E71,Set borradores rabbit y comida rapida x3,Unidad,3.0,2.7,8.1,
Empresa Ayrampo,SUP-EMPRESA-AYRAMPO,COMPRA-HOJA1-EMPRESA-AYRAMPO,SKU-0B24D6F164,Set de borradores modelo oso queso x 3,Unidad,1.0,2.8,2.8,
Empresa Ayrampo,SUP-EMPRESA-AYRAMPO,COMPRA-HOJA1-EMPRESA-AYRAMPO,SKU-4D785AB75B,Llavero capibara televisor,Unidad,3.0,5.8,17.4,
Empresa Ayrampo,SUP-EMPRESA-AYRAMPO,COMPRA-HOJA1-EMPRESA-AYRAMPO,SKU-D7B21404F3,Llavero capibara monedero,Unidad,5.0,6.6,33.0,
Empresa Ayrampo,SUP-EMPRESA-AYRAMPO,COMPRA-HOJA1-EMPRESA-AYRAMPO,SKU-0202856B37,lapicero escarchado x 6,Unidad,3.0,6.4,19.2,
Empresa Ayrampo,SUP-EMPRESA-AYRAMPO,COMPRA-HOJA1-EMPRESA-AYRAMPO,SKU-50A319EDA9,cinta capibara,Paquete,2.0,6.1,12.2,
Empresa Ayrampo,SUP-EMPRESA-AYRAMPO,COMPRA-HOJA1-EMPRESA-AYRAMPO,SKU-56432F1B7F,Set de resaltador pastel x 6,Unidad,3.0,5.4,16.2,
Empresa Ayrampo,SUP-EMPRESA-AYRAMPO,COMPRA-HOJA1-EMPRESA-AYRAMPO,SKU-145EBEB2A3,Lapicero tinta gel con orejitas,Unidad,3.0,2.7,8.1,
Empresa Ayrampo,SUP-EMPRESA-AYRAMPO,COMPRA-HOJA1-EMPRESA-AYRAMPO,SKU-04E6FF7B12,Lapicero borrable conejo,Unidad,3.0,1.8,5.4,
Empresa Ayrampo,SUP-EMPRESA-AYRAMPO,COMPRA-HOJA1-EMPRESA-AYRAMPO,SKU-CFBA4FF0E5,Lapicero borrrable chocolate osito,Unidad,3.0,2.2,6.6,
Empresa Ayrampo,SUP-EMPRESA-AYRAMPO,COMPRA-HOJA1-EMPRESA-AYRAMPO,SKU-F3BED90DF2,Corrector,Unidad,4.0,1.4,5.6,
Empresa Ayrampo,SUP-EMPRESA-AYRAMPO,COMPRA-HOJA1-EMPRESA-AYRAMPO,SKU-C74ADF4922,Hojas de color 100 und,Paquete,2.0,4.2,8.4,
Empresa Ayrampo,SUP-EMPRESA-AYRAMPO,COMPRA-HOJA1-EMPRESA-AYRAMPO,SKU-DCB1B82D14,Plumon de pizarra vikingo x12,Cajitas,3.0,11.0,33.0,
Empresa Ayrampo,SUP-EMPRESA-AYRAMPO,COMPRA-HOJA1-EMPRESA-AYRAMPO,SKU-93E5BF3071,Microporoso escarchado A4,Paquete,1.0,3.5,3.5,
Empresa Ayrampo,SUP-EMPRESA-AYRAMPO,COMPRA-HOJA1-EMPRESA-AYRAMPO,SKU-B353E19BF7,Silicona en barrra,Sobre,1.0,13.5,13.5,
Empresa Ayrampo,SUP-EMPRESA-AYRAMPO,COMPRA-HOJA1-EMPRESA-AYRAMPO,SKU-232269CDDF,Vaso de plastico,Docena,2.0,10.0,20.0,
Empresa Ayrampo,SUP-EMPRESA-AYRAMPO,COMPRA-HOJA1-EMPRESA-AYRAMPO,SKU-A8C9B88E81,micas con diseño,Unidad,3.0,3.0,9.0,
Empresa Ayrampo,SUP-EMPRESA-AYRAMPO,COMPRA-HOJA1-EMPRESA-AYRAMPO,SKU-06298A559F,loncheras,Unidad,2.0,3.0,6.0,
Empresa Ayrampo,SUP-EMPRESA-AYRAMPO,COMPRA-HOJA1-EMPRESA-AYRAMPO,SKU-3BE02203E7,posit cuadriculado,Unidad,4.0,3.0,12.0,
Empresa Ayrampo,SUP-EMPRESA-AYRAMPO,COMPRA-HOJA1-EMPRESA-AYRAMPO,SKU-F7DA7DEB25,borradores transparentes,Unidad,3.0,2.5,7.5,
Empresa Ayrampo,SUP-EMPRESA-AYRAMPO,COMPRA-HOJA1-EMPRESA-AYRAMPO,SKU-6AFF87246E,goma en barra ranparente,Unidad,3.0,2.5,7.5,
Empresa Ayrampo,SUP-EMPRESA-AYRAMPO,COMPRA-HOJA1-EMPRESA-AYRAMPO,SKU-44763E1EDC,lapiceros kuromi,Unidad,3.0,5.0,15.0,
Empresa Ayrampo,SUP-EMPRESA-AYRAMPO,COMPRA-HOJA1-EMPRESA-AYRAMPO,SKU-0868F564AF,lapiceros capibara,Unidad,3.0,2.5,7.5,
Empresa Ayrampo,SUP-EMPRESA-AYRAMPO,COMPRA-HOJA1-EMPRESA-AYRAMPO,SKU-B6B52CD788,borradores patita,Unidad,3.0,3.0,9.0,
Empresa Ayrampo,SUP-EMPRESA-AYRAMPO,COMPRA-HOJA1-EMPRESA-AYRAMPO,SKU-C031FE8F76,cuadernos anillados capibara,Unidad,4.0,2.625,10.5,
Empresa Ayrampo,SUP-EMPRESA-AYRAMPO,COMPRA-HOJA1-EMPRESA-AYRAMPO,SKU-64BDAEE8CD,lapiceros happy,Unidad,3.0,1.0,3.0,
Empresa Ayrampo,SUP-EMPRESA-AYRAMPO,COMPRA-HOJA1-EMPRESA-AYRAMPO,SKU-B8814F277F,lapiceros osito,Unidad,2.0,2.0,4.0,
Empresa Ayrampo,SUP-EMPRESA-AYRAMPO,COMPRA-HOJA1-EMPRESA-AYRAMPO,SKU-8C03C7B0A4,lapiz con diseño,Cajitas,1.0,4.0,4.0,
Empresa Ayrampo,SUP-EMPRESA-AYRAMPO,COMPRA-HOJA1-EMPRESA-AYRAMPO,SKU-488624C093,cartucheras,Unidad,2.0,9.0,18.0,
Empresa Ayrampo,SUP-EMPRESA-AYRAMPO,COMPRA-HOJA1-EMPRESA-AYRAMPO,SKU-8601F96067,Puntero,Docena,1.0,34.0,34.0,
Empresa Ayrampo,SUP-EMPRESA-AYRAMPO,COMPRA-HOJA1-EMPRESA-AYRAMPO,SKU-93E5BF3071,Microporoso escarchado A4,Paquete,2.0,6.5,13.0,
Empresa Ayrampo,SUP-EMPRESA-AYRAMPO,COMPRA-HOJA1-EMPRESA-AYRAMPO,SKU-EC04730CBE,chinches,Cajas,1.0,12.0,12.0,
Empresa Ayrampo,SUP-EMPRESA-AYRAMPO,COMPRA-HOJA1-EMPRESA-AYRAMPO,SKU-980BA39232,tiros,Sobre,2.0,5.0,10.0,
Empresa Ayrampo,SUP-EMPRESA-AYRAMPO,COMPRA-HOJA1-EMPRESA-AYRAMPO,SKU-D80DB7710E,papel sedita,Unidad,100.0,0.18,18.0,
Empresa Ayrampo,SUP-EMPRESA-AYRAMPO,COMPRA-HOJA1-EMPRESA-AYRAMPO,SKU-2981C63A39,escarcha bliquida grande,Paquete,1.0,28.0,28.0,
Empresa Ayrampo,SUP-EMPRESA-AYRAMPO,COMPRA-HOJA1-EMPRESA-AYRAMPO,SKU-1046AB44A5,glitter de escarcha liquida x 6,Unidad,6.0,4.0,24.0,
Empresa Ayrampo,SUP-EMPRESA-AYRAMPO,COMPRA-HOJA1-EMPRESA-AYRAMPO,SKU-383B65F71F,rosas con osito,Unidad,12.0,2.5,30.0,
Empresa Ayrampo,SUP-EMPRESA-AYRAMPO,COMPRA-HOJA1-EMPRESA-AYRAMPO,SKU-0C2AB09E16,rositas x 3,Paquete,1.0,8.0,8.0,
Empresa Ayrampo,SUP-EMPRESA-AYRAMPO,COMPRA-HOJA1-EMPRESA-AYRAMPO,SKU-44D2FC2D50,rosas,Paquete,2.0,4.5,9.0,
Empresa Ayrampo,SUP-EMPRESA-AYRAMPO,COMPRA-HOJA1-EMPRESA-AYRAMPO,SKU-58B59695F9,tasa con rosas,Unidad,3.0,13.0,39.0,
Empresa Ayrampo,SUP-EMPRESA-AYRAMPO,COMPRA-HOJA1-EMPRESA-AYRAMPO,SKU-B1DE97BF6F,brocheta intermedia,Sobre,6.0,1.333333,8.0,
Empresa Ayrampo,SUP-EMPRESA-AYRAMPO,COMPRA-HOJA1-EMPRESA-AYRAMPO,SKU-96FF456458,cortauña pequeña,Unidad,24.0,0.666667,16.0,
Empresa Ayrampo,SUP-EMPRESA-AYRAMPO,COMPRA-HOJA1-EMPRESA-AYRAMPO,SKU-9DACA2AC67,betun negro mediano,unidad,12.0,2.166667,26.0,
Empresa Ayrampo,SUP-EMPRESA-AYRAMPO,COMPRA-HOJA1-EMPRESA-AYRAMPO,SKU-E784193A9C,adornos para el dia del padre,unidad,12.0,0.583333,7.0,
Empresa Ayrampo,SUP-EMPRESA-AYRAMPO,COMPRA-HOJA1-EMPRESA-AYRAMPO,SKU-34FB243C18,papel boom acolor pastel,Paquete,1.0,20.0,20.0,
Empresa Ayrampo,SUP-EMPRESA-AYRAMPO,COMPRA-HOJA1-EMPRESA-AYRAMPO,SKU-9D9DA3D551,escarapela,Paquete,72.0,0.194444,14.0,
Empresa Ayrampo,SUP-EMPRESA-AYRAMPO,COMPRA-HOJA1-EMPRESA-AYRAMPO,SKU-AAD11162D5,adorno niño selvatico,unidad,12.0,2.0,24.0,
Empresa Ayrampo,SUP-EMPRESA-AYRAMPO,COMPRA-HOJA1-EMPRESA-AYRAMPO,SKU-65B092F11F,cholito,unidad,12.0,2.0,24.0,
Empresa Ayrampo,SUP-EMPRESA-AYRAMPO,COMPRA-HOJA1-EMPRESA-AYRAMPO,SKU-2BEED389E4,perlas adornos,unidad,12.0,1.166667,14.0,
Empresa Ayrampo,SUP-EMPRESA-AYRAMPO,COMPRA-HOJA1-EMPRESA-AYRAMPO,SKU-F80351F0F5,cinta de agua,unidad,12.0,1.833333,22.0,
Empresa Ayrampo,SUP-EMPRESA-AYRAMPO,COMPRA-HOJA1-EMPRESA-AYRAMPO,SKU-1B4019FFD0,carton cartulina,1/2 Ciento,50.0,0.9,45.0,
Empresa Ayrampo,SUP-EMPRESA-AYRAMPO,COMPRA-HOJA1-EMPRESA-AYRAMPO,SKU-41BFC833EE,lapicero azul rojo layconsa,Cajitas,2.0,8.5,17.0,
Empresa Ayrampo,SUP-EMPRESA-AYRAMPO,COMPRA-HOJA1-EMPRESA-AYRAMPO,SKU-7CD255990C,silicona liquida pequeña,Cajas,1.0,26.0,26.0,
Empresa Ayrampo,SUP-EMPRESA-AYRAMPO,COMPRA-HOJA1-EMPRESA-AYRAMPO,SKU-6E4CFB4AB7,cinta de cabello verde y kaky,unidad,12.0,3.0,36.0,
