product_sku,product_name,brand,tipo,unit,stock_current,qty_sold_total,sales_total,cost_total,profit_total,price_variants_count,price_variants
SKU-8697FBECCC,Abaco,,Juegos didacticos,unidad,2.0,4.0,68.0,34.0,34.0,1,17.0
SKU-FB6932B48B,Baja Lengua  de color grande,,,Unidad,9.0,9.0,18.0,5.5,12.5,1,2.0
SKU-7A82393C55,Baja Lengua - Blanco,,,Unidad,7.0,25.0,25.0,11.5,13.5,1,1.0
SKU-C756F39052,Baja Lengua de color pequeño,,,Unidad,32.0,3.0,4.5,1.8,2.7,1,1.5
SKU-E082FFFBDB,Base 10,,Juegos didacticos,unidad,7.0,5.0,135.0,40.0,95.0,1,27.0
SKU-2B3E112B79,Betun Marron Grande,,,Unidad,1.0,1.0,4.0,2.0,2.0,1,4.0
SKU-9DACA2AC67,betun negro mediano,,,unidad,9.0,3.0,10.5,6.5,4.0,1,3.5
SKU-6B0F82BDFF,bloques,,Juegos didacticos,unidad,3.0,3.0,36.0,19.5,16.5,1,12.0
SKU-CB9437A81C,"bolson de l,ona",,,unidad,8.0,4.0,32.0,26.0,6.0,1,8.0
SKU-83CD5D38B1,Borrador Aval x 20,Oval,Borrador,unidad,15.0,5.0,5.0,2.5,2.5,1,1.0
SKU-384706C8BB,Borrador Aval x 30,Oval,Borrador,unidad,25.0,5.0,4.0,1.6667,2.3333,1,0.8
SKU-20D4B162C0,Borrador LA-2O,Layconsa,Borrador,Unidad,10.0,6.0,6.0,3.3,2.7,1,1.0
SKU-25611AAAAD,Borrador layconsa bicolo x50,Layconsa,Borrador,unidad,77.0,3.0,1.5,0.9,0.6,1,0.5
SKU-B6B52CD788,borradores patita,,,unidad,1.0,2.0,6.0,6.0,0.0,1,3.0
SKU-F7DA7DEB25,borradores transparentes,,,unidad,0.0,3.0,7.5,7.5,0.0,1,2.5
SKU-71703659EC,"Botellas de Temperas (Amarillo, rojo, Azul) -  (Rojo, azul,  verde, amarillo, negro, blanco)",Layconsa,Tempera,Unidad,26.0,16.0,112.0,72.0,40.0,1,7.0
SKU-A39A5CB534,Botones,,,Unidad,56.0,1.0,1.0,0.6667,0.3333,1,1.0
SKU-120B36A5F6,Cajitas de Grampa,,Engrampador,Unidad,10.0,2.0,3.0,1.6,1.4,1,1.5
SKU-8F27ACC7C0,Camion Ciguena3983 A,,Juguetes,Unidad,1.0,1.0,12.0,8.0,4.0,1,12.0
SKU-6F46528248,Camion con toro CMN12,,Juguetes,Unidad,1.0,2.0,24.0,14.0,10.0,1,12.0
SKU-1B4019FFD0,carton cartulina,,,unidad,43.0,7.0,14.0,6.3,7.7,1,2.0
SKU-088F490747,Cartuchera Forta,,Cartuchera,Unidad,0.0,6.0,60.0,42.0,18.0,1,10.0
SKU-7FE37C8EBE,Cartuchera Mike Crack,,Cartuchera,Unidad,0.0,3.0,30.0,21.0,9.0,1,10.0
SKU-6AD4414B14,Cartuchera surtido cuero,,,unidad,7.0,5.0,50.0,27.5,22.5,1,10.0
SKU-488624C093,cartucheras,,,unidad,1.0,1.0,9.0,9.0,0.0,1,9.0
SKU-14DDD5EBC1,Cartulina a colores,,Papel,Unidad,42.0,5.0,5.0,2.0957,2.9043,1,1.0
SKU-87FB5C45C1,Cartulina blanca,,,unidad,69.0,31.0,15.5,9.92,5.58,1,0.5
SKU-EC244CF0A7,Cartulina Fosforesente,,Papel,Unidad,42.0,3.0,13.5,7.5,6.0,1,4.5
SKU-D726876DA1,Cartulina Negra,,Papel,unidad,81.0,19.0,28.5,9.5,19.0,1,1.5
SKU-8EC5F5CD1C,cepillo colgate,,,unidad,1.0,11.0,44.0,25.6667,18.3333,1,4.0
SKU-65B092F11F,cholito,,,unidad,10.0,2.0,7.0,4.0,3.0,1,3.5
SKU-50A319EDA9,cinta capibara,,,unidad,4.0,16.0,137.0,73.45,63.55,2,1.0|12.0
SKU-6E4CFB4AB7,cinta de cabello verde y kaky,,,unidad,119.0,1.0,0.5,0.3,0.2,1,0.5
SKU-3BE5E01407,Cinta de color maskin taps,,Cinta,Unidad,6.0,1.0,4.0,2.3286,1.6714,1,4.0
SKU-49328EA6BC,Cinta de colores grande,,Cinta,Unidad,55.0,5.0,5.0,0.0,5.0,1,1.0
SKU-816F692D19,Cinta Durafan scosh  pequeño12*14,,Cinta,Unidad,22.0,9.0,4.5,1.8,2.7,1,0.5
SKU-98985FC2E2,Cinta electrica,,Cinta,Unidad,5.0,4.0,6.0,3.2,2.8,1,1.5
SKU-0AF223D840,Cinta Grande Brudan Peru embalaje,,Cinta,Unidad,63.0,3.0,6.0,2.25,3.75,1,2.0
SKU-EE5659CFF7,Cinta Grande Durango embalaje,,Cinta,Unidad,10.0,8.0,40.0,19.8333,20.1667,1,5.0
SKU-51D94161E4,Cinta Leon scosh pq grueso 18*45,,Cinta,Unidad,3.0,5.0,10.0,5.0,5.0,1,2.0
SKU-80852C9B2C,Cinta Maskin Pegafan 24mm,,Cinta,Unidad,15.0,1.0,3.0,2.0,1.0,1,3.0
SKU-FE61DF628C,Cinta Maskin Pegafan 48mm,,Cinta,Unidad,10.0,2.0,10.0,6.3333,3.6667,1,5.0
SKU-36871BCFD9,Cinta Maskin shurtape 1 1/2*15,,Cinta,Unidad,17.0,3.0,12.0,9.0,3.0,1,4.0
SKU-FEB8C87076,Cinta Maskin shurtape 1/2*15,,Cinta,Unidad,2.0,1.0,1.5,0.8333,0.6667,1,1.5
SKU-A744CA3157,Cinta Maskin shurtaple 1*15,,Cinta,Unidad,38.0,1.0,2.5,1.5,1.0,1,2.5
SKU-F0F3D54703,Cinta Maskin shurtaple 2*15,,Cinta,unidad,16.0,8.0,36.0,17.3333,18.6667,1,4.5
SKU-74D37CB40E,Cinta scoth delgado,,Cinta,unidad,57.0,15.0,15.0,3.5417,11.4583,1,1.0
SKU-65B593846C,colet negros,,,Paquete,3.0,3.0,6.0,3.0,3.0,1,2.0
SKU-73ECB72794,Colores Jumbo,Layconsa,Colores,unidad,10.0,2.0,30.0,20.6667,9.3333,1,15.0
SKU-24D54B3207,Colores Largos x 12,Faber Castell,Colores,unidad,20.0,4.0,32.0,23.3333,8.6667,1,8.0
SKU-3E4604AF45,Compas,Layconsa,Compas,Unidad,11.0,7.0,24.5,8.1667,16.3333,1,3.5
SKU-95A43F219B,Cordones,,,Unidad,5.0,1.0,3.5,0.0,3.5,1,3.5
SKU-F3BED90DF2,Corrector,,,unidad,0.0,4.0,12.5,8.0,4.5,2,2.0|3.5
SKU-CE0CB129E5,Corrector 9ML,Faber Castell,Corector,Unidad,4.0,8.0,24.0,14.6667,9.3333,1,3.0
SKU-826C40E118,Corrector Oval de 2 pares,Oval,Corector,Unidad,25.0,4.0,8.0,2.4828,5.5172,1,2.0
SKU-54906A7627,Crayones Jumbo,Layconsa,crayones,Unidad,52.0,2.0,10.0,6.1667,3.8333,1,5.0
SKU-59973D5BF3,Crema Baselina,,,Unidad,4.0,1.0,1.0,0.5,0.5,1,1.0
SKU-9E86C13A28,Crepe con diseño,,,unidad,27.0,3.0,6.0,3.6,2.4,1,2.0
SKU-833F6730BA,cuaderno arcoiris triple reglon,arcoiris,cuadernos,Unidad,0.0,6.0,24.0,13.8,10.2,1,4.0
SKU-3393692610,cuaderno layconsa estudiante # 100 h,Layconsa,cuadernos,Unidad,25.0,2.0,10.0,8.0,2.0,1,5.0
SKU-CFD9211956,cuaderno layconsa puppy # 100 h,Layconsa,cuadernos,Unidad,14.0,4.0,20.0,17.2,2.8,1,5.0
SKU-EF1D25CD8B,cuaderno layconsa teens # 100 h,Layconsa,cuadernos,Unidad,40.0,22.0,110.0,79.2,30.8,1,5.0
SKU-4164FE1098,cuaderno layconsa teens triple reglon,Layconsa,cuadernos,Unidad,19.0,4.0,20.0,14.4,5.6,1,5.0
SKU-DD5F83467A,cuaderno loro con  diseño A4 100h,loro,cuadernos,Unidad,40.0,7.0,38.5,27.8511,10.6489,1,5.5
SKU-490E89040F,cuaderno loro kinder 70 g,loro,cuadernos,Unidad,43.0,2.0,11.0,7.8,3.2,1,5.5
SKU-3AFD2E7935,Cuaderno Markin # 100 h,Layconsa,cuadernos,unidad,38.0,12.0,54.0,36.0,18.0,1,4.5
SKU-165935C822,cuaderno markin triple reglon 100 h,,cuadernos,unidad,20.0,5.0,22.5,15.0,7.5,1,4.5
SKU-5D1CA38400,"cuaderno stanford,universal, collaje #","stanford,",cuadernos,Unidad,7.0,4.0,28.0,20.0,8.0,1,7.0
SKU-95A4EA7077,cuaderno surco # 100 h,Surco,cuadernos,Unidad,2.0,23.0,80.5,53.82,26.68,1,3.5
SKU-4BB9031A88,cuaderno surco 1x1,Surco,cuadernos,Unidad,14.0,4.0,14.0,9.36,4.64,1,3.5
SKU-4C36B4A224,cuaderno surco 2x2,Surco,cuadernos,Unidad,23.0,3.0,10.5,7.0154,3.4846,1,3.5
SKU-76AF86874F,cuaderno surco con diseño A4 100h,surco,cuadernos,Unidad,13.0,7.0,31.5,16.38,15.12,1,4.5
SKU-8F4446C65E,cuaderno surco grnade # 50 h,Surco,cuadernos,Unidad,3.0,24.0,60.0,33.6,26.4,1,2.5
SKU-2AC8F7DDFD,cuaderno surco pequeño 50  h,Surco,cuadernos,Unidad,86.0,17.0,25.5,17.0,8.5,1,1.5
SKU-0082F4B909,cuaderno surco pqueño 100 h,Surco,cuadernos,Unidad,47.0,14.0,35.0,19.6,15.4,1,2.5
SKU-9E525049DE,cuaderno surco rayado 100 h,Surco,cuadernos,Unidad,20.0,2.0,7.0,4.68,2.32,1,3.5
SKU-7346AC1948,Cuaderno surco triple reglon 100 h,Surco,cuadernos,Unidad,70.0,10.0,35.0,23.025,11.975,1,3.5
SKU-C031FE8F76,cuadernos anillados capibara,,,unidad,2.0,2.0,10.0,5.25,4.75,1,5.0
SKU-E8640331AC,cuadernos stanford 1x1,"stanford,",cuadernos,unidad,24.0,1.0,8.0,5.4,2.6,1,8.0
SKU-F0552067DA,Cuadernos stanford 2x2,"stanford,",cuadernos,unidad,23.0,2.0,16.0,10.8,5.2,1,8.0
SKU-2101C27711,cuadernouniversal 1x1,universal,cuadernos,Unidad,2.0,3.0,21.0,15.0,6.0,1,7.0
SKU-7104AD1984,Cuatrimoto 876/886,,Juguetes,Unidad,7.0,3.0,36.0,24.0,12.0,1,12.0
SKU-6F4B1E2A08,Cuter por tiras d 12,,Cuter,unidad,18.0,6.0,9.0,4.0,5.0,1,1.5
SKU-66529C0038,Dados Grandes,,Juegos didacticos,unidad,111.0,9.0,9.0,2.25,6.75,1,1.0
SKU-818ED060B7,Dados pequeños,,,Unidad,98.0,2.0,1.0,0.5,0.5,1,0.5
SKU-163DD0A3EC,Diccionario Bruno,,,Unidad,7.0,1.0,15.0,7.0,8.0,1,15.0
SKU-32AB3A0D9C,Engrampador stapler,,Engrampador,Unidad,3.0,2.0,20.0,10.0,10.0,1,10.0
SKU-59E1F5048A,Engrapador artesco,Artesco,Engrampador,Unidad,0.0,1.0,8.5,8.5,0.0,1,8.5
SKU-3E2C39E2F6,Escarcha,,,Unidad,29.0,5.0,5.0,2.0,3.0,1,1.0
SKU-2981C63A39,escarcha bliquida grande,,,unidad,9.0,3.0,15.0,7.0,8.0,1,5.0
SKU-B3C78D2293,Escobilla Grande de Zapato,,,Unidad,0.0,2.0,7.0,2.6,4.4,1,3.5
SKU-E325832F3F,Escobilla Pequeña de Zapato,,,Unidad,12.0,2.0,5.0,2.0,3.0,1,2.5
SKU-2DF149588E,Esponja Merlin,,,Unidad,71.0,1.0,1.0,0.6667,0.3333,1,1.0
SKU-E9EF9D1B06,Fastener de Gusano,Artesco,,Unidad,18.0,14.0,28.0,13.4313,14.5687,1,2.0
SKU-CD28C46730,Fastener de metal,Artesco,,Unidad,95.0,1.0,0.5,0.08,0.42,1,0.5
SKU-80F3629E6F,Folder a color de cartulina,,Folder,Unidad,71.0,2.0,2.0,0.72,1.28,1,1.0
SKU-DAADE270A8,Folder doble tapa,,,unidad,3.0,3.0,21.0,16.5,4.5,1,7.0
SKU-807FCCA0D5,Folder Genius,,Folder,Unidad,0.0,2.0,9.0,5.34,3.66,1,4.5
SKU-5CE02680E1,Folder Manila A4,,Folder,Unidad,391.0,9.0,9.0,2.43,6.57,1,1.0
SKU-92E9FC0267,Folder Top,,Folder,Unidad,26.0,19.0,76.0,50.6667,25.3333,1,4.0
SKU-A95695902B,Folder Vinifan,,Folder,Unidad,2.0,4.0,20.0,10.68,9.32,1,5.0
SKU-67CEA9B1B6,forro artesco,Artesco,Forro Vinifan,unidad,6.0,6.0,21.0,14.0,7.0,1,3.5
SKU-5CC706071A,Forro vinifan A4,Forrofan,Forro Vinifan,Unidad,8.0,1.0,3.5,2.0,1.5,1,3.5
SKU-86FCEA2F11,Forro Vinifan A4,Vinifan,Forro Vinifan,Unidad,0.0,4.0,28.0,16.0,12.0,1,7.0
SKU-CC0A8E99BA,Forro vinifan A4,Perufan,Forro Vinifan,Unidad,8.0,6.0,27.0,21.0,6.0,1,4.5
SKU-610A957481,Forro Vinifan Grande OM,Perufan,Forro Vinifan,Unidad,0.0,2.0,14.0,14.0,0.0,1,7.0
SKU-F901C51CE7,Goma en barra 21Gr,Layconsa,Goma,Unidad,10.0,5.0,17.5,9.0,8.5,1,3.5
SKU-D8FC9604BF,Goma en barra 40g,Artesco,Goma,unidad,6.0,6.0,30.0,18.0,12.0,1,5.0
SKU-D740B5A41D,Goma en barra 40Gr,Faber Castell,Goma,Unidad,0.0,3.0,15.0,12.0,3.0,1,5.0
SKU-CF887E5EC4,Goma en barra 8 gr,Layconsa,Goma,unidad,28.0,2.0,5.0,2.2,2.8,1,2.5
SKU-83F6CC885D,Goma liquida 125g,Layconsa,Goma,unidad,23.0,1.0,3.0,2.0,1.0,1,3.0
SKU-BF27740F3E,Goma liquida 250g,Layconsa,Goma,unidad,15.0,9.0,36.0,25.5,10.5,1,4.0
SKU-E6ECA4BB2D,Goma Liquida Mar David 60gr,,Goma,Unidad,3.0,6.0,9.0,5.4667,3.5333,1,1.5
SKU-F06AE39D3D,Hizopo,,,Unidad,11.0,4.0,6.0,3.6667,2.3333,1,1.5
SKU-C74ADF4922,Hojas de color 100 und,,,unidad,0.0,200.0,400.0,280.0,120.0,1,2.0
SKU-26FF8F2A26,Jabon liquido grande,,,Unidad,25.0,2.0,12.0,8.0,4.0,1,6.0
SKU-C2A71FB517,Jabon liquido pequeño,,,Unidad,16.0,3.0,15.0,9.9947,5.0053,1,5.0
SKU-81B56FA010,jaboncillo camai,,,unidad,10.0,2.0,7.0,5.0,2.0,1,3.5
SKU-EEDF6B72FC,Jaboneras,,,Unidad,1.0,3.0,6.0,3.0,3.0,1,2.0
SKU-9FD0B9F742,Juego de reglas 20 cm,Layconsa,Regla,Unidad,20.0,7.0,24.5,15.6667,8.8333,1,3.5
SKU-53F12AE701,Juego de reglas 30 cm,Layconsa,Regla,Unidad,28.0,5.0,25.0,15.0,10.0,1,5.0
SKU-8130CA3015,Lana de colores,,,Unidad,6.0,2.0,2.0,1.0,1.0,1,1.0
SKU-CEFF1F2EA0,lapicero 060 azul rojo,Faber Castell,Lapicero,unidad,6.0,18.0,36.0,19.5,16.5,1,2.0
SKU-B2F5C02F79,Lapicero a color x 12 und,Oval,Lapicero,unidad,5.0,1.0,8.0,4.0,4.0,1,8.0
SKU-41BFC833EE,lapicero azul rojo layconsa,,,unidad,17.0,7.0,10.5,4.9583,5.5417,1,1.5
SKU-E7A85984D4,"lapicero azul, rojo, negro y verde",Youmei,Lapicero,unidad,26.0,18.0,36.0,18.75,17.25,1,2.0
SKU-04E6FF7B12,Lapicero borrable conejo,,,unidad,0.0,3.0,13.5,7.2,6.3,2,3.5|5.0
SKU-CFBA4FF0E5,Lapicero borrrable chocolate osito,,,unidad,2.0,1.0,3.5,1.8,1.7,1,3.5
SKU-0202856B37,lapicero escarchado x 6,,,unidad,2.0,1.0,8.0,6.6,1.4,1,8.0
SKU-8BE215E80A,Lapicero kawai x 10,,,unidad,0.0,3.0,18.0,12.0,6.0,1,6.0
SKU-096E7DB466,Lapicero pilot azul,PILOT,Lapicero,unidad,11.0,1.0,3.5,2.4167,1.0833,1,3.5
SKU-6A944058B9,Lapicero Trilux - 035,Faber Castell,Lapicero,Unidad,65.0,2.0,2.0,1.4,0.6,1,1.0
SKU-F5EC060813,Lapicero Trilux Azul-032,Faber Castell,Lapicero,Unidad,16.0,14.0,14.0,6.16,7.84,1,1.0
SKU-60D09319A8,Lapicero Trilux Negro-032,Faber Castell,Lapicero,Unidad,46.0,4.0,4.0,1.76,2.24,1,1.0
SKU-7B58D3DC43,Lapicero Trilux Rojo-032,Faber Castell,Lapicero,Unidad,41.0,9.0,9.0,3.96,5.04,1,1.0
SKU-E29E5C3C39,Lapicero Trilux-031,Faber Castell,Lapicero,Unidad,35.0,11.0,11.0,5.2609,5.7391,1,1.0
SKU-44763E1EDC,lapiceros kuromi,,,unidad,2.0,1.0,5.0,5.0,0.0,1,5.0
SKU-B8814F277F,lapiceros osito,,,unidad,0.0,2.0,3.0,3.0,0.0,2,1.0|2.0
SKU-43639DD892,Lapices de Color largos x 12,Layconsa,Colores,Unidad,3.0,7.0,42.0,32.62,9.38,1,6.0
SKU-9B7EDEA31E,Lapiz 2B,Vikingo,Lapiz,Unidad,22.0,26.0,26.0,13.0,13.0,1,1.0
SKU-308DF87D2B,Lapiz 2B Titan,Faber Castell,Lapiz,Unidad,31.0,5.0,6.0,3.375,2.625,2,1.0|1.5
SKU-32111CF5F0,Lapiz Chequeo Rojo,Layconsa,Lapiz,Unidad,106.0,2.0,2.0,1.1667,0.8333,1,1.0
SKU-81A994DEC0,Lapiz Chequeo Rojo,Artesco,Lapiz,Unidad,60.0,12.0,12.0,6.0,6.0,1,1.0
SKU-8C03C7B0A4,lapiz con diseño,,,unidad,9.0,3.0,3.0,1.0,2.0,1,1.0
SKU-2AC9B9F61B,lapiz de color pequeño x 12,Layconsa,Colores,Unidad,7.0,4.0,16.0,11.3309,4.6691,1,4.0
SKU-8FC03EDBA8,Lapiz Grazo Negro,Layconsa,Lapiz,Unidad,28.0,3.0,10.5,6.1667,4.3333,1,3.5
SKU-CC7C567DF1,Lapiz Jumbo,Layconsa,Lapiz,unidad,20.0,4.0,6.0,3.3333,2.6667,1,1.5
SKU-4985AB403E,Lapiz Punsonez,,Lapiz,Unidad,105.0,4.0,2.8,1.12,1.68,1,0.7
SKU-90944B7E8F,Lapiz tecnico 6B,Layconsa,Lapiz,Unidad,35.0,1.0,2.0,1.0,1.0,1,2.0
SKU-3D1BE72419,Lentejuelas grandes,,,Unidad,9.0,3.0,3.0,1.2,1.8,1,1.0
SKU-4B882EFB24,Lentejuelas JhinPequeñas,,,Unidad,9.0,3.0,3.0,2.0,1.0,1,1.0
SKU-FE809B4294,Libro de Cuentos,,,Unidad,6.0,4.0,16.0,9.0,7.0,1,4.0
SKU-371E102C11,llajes grande,,,Unidad,13.0,1.0,3.5,2.3,1.2,1,3.5
SKU-D7B21404F3,Llavero capibara monedero,,,unidad,4.0,1.0,8.0,5.8,2.2,1,8.0
SKU-4D785AB75B,Llavero capibara televisor,,,unidad,2.0,1.0,4.0,2.8,1.2,1,4.0
SKU-06298A559F,loncheras,,,unidad,0.0,2.0,12.0,6.0,6.0,1,6.0
SKU-0F68E2EC13,Micas A4,Artesco,,Unidad,35.0,25.0,25.0,11.6,13.4,1,1.0
SKU-A8C9B88E81,micas con diseño,,,unidad,2.0,1.0,4.0,3.0,1.0,1,4.0
SKU-93E5BF3071,Microporoso escarchado A4,,,unidad,18.0,12.0,18.0,4.8,13.2,1,1.5
SKU-96A54B592D,Microporoso Glitter self Adhesivo letras escarchados,,,Unidad,29.0,15.0,37.5,12.0,25.5,1,2.5
SKU-25E6A5907E,muñeca con accesorios 8260,,Juguetes,Unidad,0.0,1.0,9.0,6.5,2.5,1,9.0
SKU-719315C9EF,Nombre de cuaderno,,,Unidad,90.0,10.0,2.0,1.0,1.0,1,0.2
SKU-D0B9BAA1A3,Ojitos,,,Unidad,11.0,2.0,2.0,1.3333,0.6667,1,1.0
SKU-0E6AA9F21D,Paletas de pinturas,,Paleta,Unidad,16.0,8.0,24.0,14.0,10.0,1,3.0
SKU-B977212681,Papel Arcoiris,,Papel,1/2 millar,6.0,1.0,30.0,19.0,11.0,1,30.0
SKU-DDAC91E10D,Papel boom,,Papel,unidad,6.0,4.0,72.0,49.6,22.4,1,18.0
SKU-2544F733EC,Papel boom 70 gr,,Papel,unidad,6.0,4.0,72.0,56.0,16.0,1,18.0
SKU-34FB243C18,papel boom acolor pastel,,,unidad,490.0,10.0,1.0,0.4,0.6,1,0.1
SKU-9FCECC1704,Papel Cometa,,Papel,Unidad,64.0,2.0,1.0,0.4,0.6,1,0.5
SKU-1EDA4B9225,Papel Corrospum,,Papel,Unidad,29.0,4.0,20.0,14.0,6.0,1,5.0
SKU-283B2C011D,Papel Craft,,Papel,Unidad,64.0,8.0,8.0,2.5556,5.4444,1,1.0
SKU-7762F9C08A,Papel Crepe,,Papel,Unidad,101.0,61.0,61.0,28.6545,32.3455,1,1.0
SKU-E51E19D0B3,Papel Cuadriculado 1x1,,Papel,Unidad,95.0,42.0,29.4,9.1971,20.2029,1,0.7
SKU-B82DE634A2,Papel Cuadrimax 2x2,,Papel,Unidad,187.0,13.0,9.1,2.665,6.435,1,0.7
SKU-F0BB6DEF54,Papel de regalo,,Papel,Unidad,116.0,6.0,4.2,1.677,2.523,1,0.7
SKU-78A62B9611,Papel Lustre,,Papel,Unidad,211.0,33.0,16.5,7.9,8.6,1,0.5
SKU-9FB3EB5C65,papel lustre blanco y surtido a color,,Papel,unidad,106.0,19.0,9.5,5.7,3.8,1,0.5
SKU-A47A5E460A,Papel microporoso escarchado,,Papel,Unidad,18.0,28.0,140.0,70.8,69.2,1,5.0
SKU-A4C46F4DA5,Papel microporoso liso,,,unidad,25.0,5.0,20.0,7.8333,12.1667,1,4.0
SKU-3023CF7487,Papel Punzones A4,,Papel,Unidad,18.0,4.0,20.0,12.0,8.0,1,5.0
SKU-9D4E4EE716,Papel Sedita,,Papel,Unidad,55.0,4.0,2.0,0.5424,1.4576,1,0.5
SKU-D80DB7710E,papel sedita,,,unidad,94.0,6.0,3.0,1.08,1.92,1,0.5
SKU-FD56706B4D,papel silufan,,,unidad,8.0,1.0,1.0,0.4333,0.5667,1,1.0
SKU-4EE3C50F1D,Papel suave higienico,,,unidad,0.0,60.0,60.0,204.0,-144.0,1,1.0
SKU-B1B6F52169,papel toalla,,,unidad,2.0,8.0,32.0,20.0,12.0,1,4.0
SKU-6884E99187,Papelote blanco,,Papel,Unidad,36.0,9.0,6.3,1.8,4.5,1,0.7
SKU-105EDC100D,paquete de ganchos de 6 pares,,,Paquete,33.0,3.0,1.5,0.375,1.125,1,0.5
SKU-B513B72D31,pares de pilis,,,pares,3.0,2.0,2.0,0.6,1.4,1,1.0
SKU-77F19E15CF,Pasta dental,,,unidad,2.0,10.0,35.0,28.3333,6.6667,1,3.5
SKU-CD3F82FF5C,Peine con cola,,,Unidad,9.0,1.0,1.0,0.5,0.5,1,1.0
SKU-BEC3F203A0,Peine grande,,,Unidad,10.0,1.0,1.0,0.5,0.5,1,1.0
SKU-DFEAA60E9C,Peine Pequeño,,,Unidad,24.0,1.0,0.8,0.24,0.56,1,0.8
SKU-8D8B2631DB,Pelotas de trapo,,,unidad,11.0,1.0,1.5,0.75,0.75,1,1.5
SKU-94488B3896,Percheros,,,Unidad,37.0,5.0,7.5,3.131,4.369,1,1.5
SKU-449B9500E7,Perforador,Arteza,Perforador,Unidad,6.0,2.0,18.0,9.0,9.0,1,9.0
SKU-CBB8FF3308,Perforador,Artesco,Perforador,Unidad,12.0,1.0,12.0,5.5,6.5,1,12.0
SKU-C34DBFF5C5,Pincel Sobre,,,Unidad,28.0,20.0,40.0,18.3333,21.6667,1,2.0
SKU-D8947D85F1,Pincel surtido 0/00/000,,Pincel,unidad,66.0,6.0,6.0,4.0,2.0,1,1.0
SKU-FF0A8D4DCB,Plastilina,Layconsa,plastilina,Unidad,25.0,11.0,60.5,32.0833,28.4167,1,5.5
SKU-039AB24A72,Platilina ultra suave x6,Artesco,plastilina,unidad,4.0,2.0,36.0,5.1667,30.8333,1,18.0
SKU-FEE239E19B,Plumon Acrilico L-123,Layconsa,Plumon,Unidad,80.0,28.0,70.0,35.0,35.0,1,2.5
SKU-DCB1B82D14,Plumon de pizarra vikingo x12,,,unidad,31.0,5.0,10.0,4.5833,5.4167,1,2.0
SKU-BA273CD9CC,Plumon indeleble azul y negro,Eco,Plumon,unidad,21.0,3.0,7.5,2.5,5.0,1,2.5
SKU-7AA172D62E,Plumon Jumbo 123,Faber Castell,Plumon,Unidad,18.0,6.0,30.0,18.75,11.25,1,5.0
SKU-78B895FADB,Plumon L-47 papel,Layconsa,Plumon,unidad,25.0,11.0,22.0,16.5,5.5,1,2.0
SKU-6381846E56,Plumon marcador Jumbo L-47 x12,Layconsa,Plumon,Unidad,1.0,8.0,120.0,88.0,32.0,1,15.0
SKU-2606E9183E,Plumon Pizzarra,Arteza,Plumon,Unidad,23.0,1.0,3.5,2.0,1.5,1,3.5
SKU-1C8518A3F6,Plumon school L-45 x 12,Layconsa,Plumon,unidad,6.0,6.0,42.0,29.0,13.0,1,7.0
SKU-7AA60686F3,Plumones Marcador 6 uni -,Faber Castell,Plumon,Unidad,1.0,1.0,5.0,4.0,1.0,1,5.0
SKU-54BDA3B77E,Plumones Marcador Fibre Tips - 12 uni,Faber Castell,Plumon,Unidad,2.0,4.0,32.0,12.6667,19.3333,1,8.0
SKU-3AD10ADE3E,Pompones,,,Unidad,13.0,1.0,3.5,0.0,3.5,1,3.5
SKU-5FE2F611DF,Portafolio Papel,,Portafolio,Unidad,11.0,3.0,25.0,16.0,9.0,2,8.0|9.0
SKU-D9A535C356,Pozzis limpiatipo,,,Unidad,17.0,3.0,12.0,5.4833,6.5167,1,4.0
SKU-479171A7EE,Pulsera ojito,,,Unidad,8.0,3.0,4.5,1.9091,2.5909,1,1.5
SKU-8601F96067,Puntero,,,unidad,10.0,2.0,7.0,5.6667,1.3333,1,3.5
SKU-00358783C1,Ray Perú y Artesco,,Portafolio,Unidad,11.0,10.0,100.0,53.3333,46.6667,1,10.0
SKU-67EC263080,Regla expandible,,,unidad,2.0,1.0,6.0,3.0,3.0,1,6.0
SKU-FAB7A65F90,Reglas de 20 cm,Layconsa,Regla,Unidad,34.0,4.0,4.0,2.2316,1.7684,1,1.0
SKU-AB58B8B259,Reglas de 30 cm,Artesco,Regla,Unidad,48.0,1.0,1.5,0.6408,0.8592,1,1.5
SKU-657537C0BB,Resaltador,,,Unidad,14.0,4.0,10.0,5.3333,4.6667,1,2.5
SKU-250A95296D,Resaltador pastel x 6 und,,Resaltador,unidad,29.0,7.0,14.0,5.8333,8.1667,1,2.0
SKU-5253FC1878,Rompecabezas de 20 piesas,,Rompecabezas,Unidad,18.0,5.0,50.0,29.1304,20.8696,1,10.0
SKU-114F4CCCFD,Rompecabezas de 50 piesas,,Rompecabezas,Unidad,0.0,1.0,15.0,15.0,0.0,1,15.0
SKU-44D2FC2D50,rosas,,,unidad,15.0,9.0,9.0,3.375,5.625,1,1.0
SKU-383B65F71F,rosas con osito,,,unidad,8.0,4.0,16.0,10.0,6.0,1,4.0
SKU-403887F2ED,Saca Punta con Deposito,Artesco,Saca Punta,Unidad,0.0,3.0,10.5,6.0,4.5,1,3.5
SKU-EAF5D42FCB,Saca Punta con Deposito,Oval,Saca Punta,Unidad,2.0,10.0,20.0,10.0,10.0,1,2.0
SKU-35AF7B573B,Saca Punta con Deposito 8917,Relampago,Saca Punta,Unidad,10.0,2.0,4.0,2.0,2.0,1,2.0
SKU-3F04396584,Saca Punta con M-207,,Saca Punta,Unidad,111.0,7.0,3.5,1.7797,1.7203,1,0.5
SKU-937E9BF695,Saca Punta M-557,Artesco,Saca Punta,Unidad,46.0,2.0,4.0,1.3333,2.6667,1,2.0
SKU-B2904A3F21,serpentina,,,unidad,7.0,5.0,7.5,5.0,2.5,1,1.5
SKU-6549630E71,Set borradores rabbit y comida rapida x3,,,unidad,2.0,1.0,5.0,3.4,1.6,1,5.0
SKU-0B24D6F164,Set de borradores modelo oso queso x 3,,,unidad,0.0,1.0,4.0,2.7,1.3,1,4.0
SKU-64AF411C73,Set de escuadras kuromi,,,unidad,1.0,3.0,18.0,9.0,9.0,1,6.0
SKU-7EEE248D9B,Silicona delgada en barra,,silicona,unidad,36.0,110.0,55.0,25.6164,29.3836,1,0.5
SKU-FEBDB0D6D3,Silicona liquida 100g,Layconsa,silicona,unidad,21.0,3.0,13.5,9.0,4.5,1,4.5
SKU-9A059C1BC2,Silicona liquida 250g,Layconsa,silicona,unidad,16.0,8.0,56.0,40.0,16.0,1,7.0
SKU-7CD255990C,silicona liquida pequeña,,,unidad,23.0,1.0,1.5,1.0833,0.4167,1,1.5
SKU-C2CDBEE0B5,Sketch book 25h,,Sketch Book,Unidad,10.0,4.0,18.0,10.6571,7.3429,1,4.5
SKU-D458444EA7,Sketch book 50h,,Sketch Book,Unidad,10.0,5.0,40.0,40.0,0.0,1,8.0
SKU-5AF26D5396,Sobre Manila A4 premium,,,Unidad,200.0,25.0,25.0,11.1111,13.8889,1,1.0
SKU-14F63E966D,Stiker cuaderno,,,unidad,87.0,153.0,30.6,11.475,19.125,1,0.2
SKU-BA9E6F373B,STIKER DE PRECIOS,,,unidad,9.0,3.0,6.0,3.0,3.0,1,2.0
SKU-5C73B60915,Stikers de Portada - Plancha,,,Unidad,76.0,20.0,4.0,2.5,1.5,1,0.2
SKU-448A8AC612,Stikers Have Love,,,Unidad,60.0,40.0,40.0,19.2,20.8,1,1.0
SKU-259711D0CD,Super esponja,,,Unidad,92.0,4.0,4.0,1.8333,2.1667,1,1.0
SKU-F8C11BD284,Tabla periodica,,,Unidad,13.0,2.0,3.0,1.3333,1.6667,1,1.5
SKU-398C843E98,Tamgram,,Juegos didacticos,unidad,2.0,4.0,48.0,26.0,22.0,1,12.0
SKU-C6455B5467,Tampon Negro,Artesco,Tampon,Unidad,1.0,2.0,10.0,6.0,4.0,1,5.0
SKU-E4B751776A,tapitas de botella,,Juegos didacticos,unidad,60.0,40.0,8.0,3.6,4.4,1,0.2
SKU-8A83060E82,Tarjador animalitos,,,unidad,2.0,1.0,6.0,4.2,1.8,1,6.0
SKU-58B59695F9,tasa con rosas,,,unidad,1.0,2.0,40.0,26.0,14.0,1,20.0
SKU-DFB871122D,Temperas x7,Layconsa,Tempera,Cajitas,12.0,9.0,63.0,45.0,18.0,1,7.0
SKU-7538FE51BC,Tijera Artesco mango goma,Artesco,Tijera,unidad,3.0,3.0,24.0,19.5,4.5,1,8.0
SKU-418AE7AD5C,Tijera Eco,Eco,Tijera,unidad,18.0,6.0,9.0,4.0,5.0,1,1.5
SKU-B0946D98AA,Tijera escolar,Layconsa,Tijera,unidad,3.0,9.0,27.0,15.0,12.0,1,3.0
SKU-B763AB4CA4,Tijeras Acolores,,Tijera,Unidad,13.0,4.0,6.0,2.4941,3.5059,1,1.5
SKU-55A37B661F,Tijeras amarillas,,Tijera,Unidad,8.0,2.0,3.0,1.25,1.75,1,1.5
SKU-FA80AA5B55,Toalla con diseño,,Toallas,Unidad,9.0,7.0,35.0,25.0,10.0,1,5.0
SKU-A292B4DE9C,Toalla sin diseño,,Toallas,Unidad,11.0,10.0,40.0,18.6,21.4,1,4.0
SKU-9F897FBDE0,Tomatodo Grande,Artesco,,Unidad,3.0,1.0,15.0,12.0,3.0,1,15.0
SKU-9A43DE1973,Tomatodo Mediano tricolor,,,Unidad,14.0,1.0,15.0,12.0,3.0,1,15.0
SKU-31ACA0DEE5,Tomatodo pequeño,,,Unidad,5.0,2.0,20.0,14.0,6.0,1,10.0
SKU-3F113AD6D9,Trish,,,Unidad,123.0,9.0,4.5,2.7,1.8,1,0.5
SKU-35F30621F4,trompos,,,Unidad,0.0,16.0,16.0,10.6,5.4,1,1.0
SKU-E4F5832814,ula ula,,,unidad,0.0,2.0,10.0,8.0,2.0,1,5.0
SKU-232269CDDF,Vaso de plastico,,,unidad,16.0,8.0,12.0,6.6667,5.3333,1,1.5
SKU-A37A3F0DA8,Vehiculo Constructor 677-42A,,Juguetes,Unidad,4.0,1.0,15.0,11.0,4.0,1,15.0
